Keyword,Count,
manufacturing,168,7.63636363636364
job,158,7.18181818181818
work,112,5.09090909090909
find,109,4.95454545454545
jobs,104,4.72727272727273
indeed,98,4.45454545454545
employers,97,4.40909090909091
engineer,94,4.27272727272727
process,91,4.13636363636364
resume,66,3
engineering,65,2.95454545454545
processes,64,2.90909090909091
your resume,64,2.90909090909091
equipment,63,2.86363636363636
your resume httpswwwindeedcompromoresume,63,2.86363636363636
resume httpswwwindeedcompromoresume,63,2.86363636363636
httpswwwindeedcompromoresume,63,2.86363636363636
salaries,63,2.86363636363636
experience,60,2.72727272727273
manufacturing engineer,58,2.63636363636364
company,58,2.63636363636364
production,57,2.59090909090909
reviews,57,2.59090909090909
apply,53,2.40909090909091
design,50,2.27272727272727
·,47,2.13636363636364
product,45,2.04545454545455
center,44,2
save,44,2
privacy,43,1.95454545454545
upload your resume httpswwwindeedcompromoresume,42,1.90909090909091
let employers find,42,1.90909090909091
upload your resume,42,1.90909090909091
employers find,42,1.90909090909091
let employers,42,1.90909090909091
upload your,42,1.90909090909091
salaries httpswwwindeedcomsalaries,42,1.90909090909091
find jobs,42,1.90909090909091
browse,42,1.90909090909091
let,42,1.90909090909091
search,42,1.90909090909091
upload,42,1.90909090909091
httpswwwindeedcomsalaries,42,1.90909090909091
required,41,1.86363636363636
skills,39,1.77272727272727
3m,39,1.77272727272727
team,36,1.63636363636364
apply now,35,1.59090909090909
products,34,1.54545454545455
information,33,1.5
new,33,1.5
career,33,1.5
working,33,1.5
insurance,32,1.45454545454545
responsible,32,1.45454545454545
application,32,1.45454545454545
methods,31,1.40909090909091
help,31,1.40909090909091
logo,30,1.36363636363636
responsible for,29,1.31818181818182
companies,29,1.31818181818182
quality,29,1.31818181818182
employees,28,1.27272727272727
projects,27,1.22727272727273
develop,26,1.18181818181818
this job,26,1.18181818181818
assembly,25,1.13636363636364
preferred,25,1.13636363636364
2020,25,1.13636363636364
hiring,25,1.13636363636364
candidates,25,1.13636363636364
provide,25,1.13636363636364
personal,25,1.13636363636364
lockheed,24,1.09090909090909
work at,24,1.09090909090909
community,24,1.09090909090909
terms,24,1.09090909090909
sell,24,1.09090909090909
for candidates,23,1.04545454545455
for the,23,1.04545454545455
countries,23,1.04545454545455
procedures,23,1.04545454545455
must,23,1.04545454545455
advanced,23,1.04545454545455
of the,22,1
skip to main content,22,1
to main content,22,1
skip to main,22,1
main content,22,1
to main,22,1
skip to,22,1
lab,22,1
advice,22,1
content,22,1
main,22,1
skip,22,1
process engineer,21,0.954545454545455
time,21,0.954545454545455
youupload your resume httpswwwindeedcompromoresume,21,0.954545454545455
find youupload your resume,21,0.954545454545455
employers find youupload your,21,0.954545454545455
let employers find youupload,21,0.954545454545455
httpswwwindeedcomlegal let employers find,21,0.954545454545455
terms httpswwwindeedcomlegal let employers,21,0.954545454545455
and terms httpswwwindeedcomlegal let,21,0.954545454545455
privacy and terms httpswwwindeedcomlegal,21,0.954545454545455
cookies privacy and terms,21,0.954545454545455
httpshrtechprivacycom cookies privacy and,21,0.954545454545455
center httpshrtechprivacycom cookies privacy,21,0.954545454545455
privacy center httpshrtechprivacycom cookies,21,0.954545454545455
httpswwwindeedcomlegalccpadns privacy center httpshrtechprivacycom,21,0.954545454545455
information httpswwwindeedcomlegalccpadns privacy center,21,0.954545454545455
personal information httpswwwindeedcomlegalccpadns privacy,21,0.954545454545455
my personal information httpswwwindeedcomlegalccpadns,21,0.954545454545455
sell my personal information,21,0.954545454545455
not sell my personal,21,0.954545454545455
indeeddo not sell my,21,0.954545454545455
2020 indeeddo not sell,21,0.954545454545455
httpswwwindeedcomcommunityindeedcommunityctpen 2020 indeeddo not,21,0.954545454545455
community httpswwwindeedcomcommunityindeedcommunityctpen 2020 indeeddo,21,0.954545454545455
httpsindeedzendeskcomhcenus community httpswwwindeedcomcommunityindeedcommunityctpen 2020,21,0.954545454545455
center httpsindeedzendeskcomhcenus community httpswwwindeedcomcommunityindeedcommunityctpen,21,0.954545454545455
help center httpsindeedzendeskcomhcenus community,21,0.954545454545455
httpswwwindeedcomintlenabouthtml help center httpsindeedzendeskcomhcenus,21,0.954545454545455
about httpswwwindeedcomintlenabouthtml help center,21,0.954545454545455
httpswwwindeedcomworldwide about httpswwwindeedcomintlenabouthtml help,21,0.954545454545455
countries httpswwwindeedcomworldwide about httpswwwindeedcomintlenabouthtml,21,0.954545454545455
httpswwwindeedjobs countries httpswwwindeedcomworldwide about,21,0.954545454545455
indeed httpswwwindeedjobs countries httpswwwindeedcomworldwide,21,0.954545454545455
at indeed httpswwwindeedjobs countries,21,0.954545454545455
work at indeed httpswwwindeedjobs,21,0.954545454545455
httpswwwindeedeventscom work at indeed,21,0.954545454545455
events httpswwwindeedeventscom work at,21,0.954545454545455
indeed events httpswwwindeedeventscom work,21,0.954545454545455
httpswwwindeedcomcertifications indeed events httpswwwindeedeventscom,21,0.954545454545455
certifications httpswwwindeedcomcertifications indeed events,21,0.954545454545455
find certifications httpswwwindeedcomcertifications indeed,21,0.954545454545455
httpswwwindeedcomsalaries find certifications httpswwwindeedcomcertifications,21,0.954545454545455
salaries httpswwwindeedcomsalaries find certifications,21,0.954545454545455
httpswwwindeedcomcompanies salaries httpswwwindeedcomsalaries find,21,0.954545454545455
companies httpswwwindeedcomcompanies salaries httpswwwindeedcomsalaries,21,0.954545454545455
browse companies httpswwwindeedcomcompanies salaries,21,0.954545454545455
httpswwwindeedcomfindjobsjsp browse companies httpswwwindeedcomcompanies,21,0.954545454545455
jobs httpswwwindeedcomfindjobsjsp browse companies,21,0.954545454545455
browse jobs httpswwwindeedcomfindjobsjsp browse,21,0.954545454545455
httpswwwindeedcomcareeradvice browse jobs httpswwwindeedcomfindjobsjsp,21,0.954545454545455
advice httpswwwindeedcomcareeradvice browse jobs,21,0.954545454545455
career advice httpswwwindeedcomcareeradvice browse,21,0.954545454545455
httpswwwhiringlaborg career advice httpswwwindeedcomcareeradvice,21,0.954545454545455
lab httpswwwhiringlaborg career advice,21,0.954545454545455
hiring lab httpswwwhiringlaborg career,21,0.954545454545455
httpswwwindeedcompromoresume hiring lab httpswwwhiringlaborg,21,0.954545454545455
resume httpswwwindeedcompromoresume hiring lab,21,0.954545454545455
your resume httpswwwindeedcompromoresume hiring,21,0.954545454545455
indeed upload your resume,21,0.954545454545455
on indeed upload your,21,0.954545454545455
candidates on indeed upload,21,0.954545454545455
for candidates on indeed,21,0.954545454545455
search for candidates on,21,0.954545454545455
employers search for candidates,21,0.954545454545455
of employers search for,21,0.954545454545455
thousands of employers search,21,0.954545454545455
you thousands of employers,21,0.954545454545455
find you thousands of,21,0.954545454545455
employers find you thousands,21,0.954545454545455
let employers find you,21,0.954545454545455
ago save jobreport job,21,0.954545454545455
this job copy link,21,0.954545454545455
save this job copy,21,0.954545454545455
advanced job search httpswwwindeedcomadvancedsearch,21,0.954545454545455
jobs advanced job search,21,0.954545454545455
find jobs advanced job,21,0.954545454545455
where find jobs advanced,21,0.954545454545455
what where find jobs,21,0.954545454545455
httpswwwindeedcomhirecoushlen what where find,21,0.954545454545455
job httpswwwindeedcomhirecoushlen what where,21,0.954545454545455
post job httpswwwindeedcomhirecoushlen what,21,0.954545454545455
employers post job httpswwwindeedcomhirecoushlen,21,0.954545454545455
resume httpswwwindeedcompromoresume sign in,21,0.954545454545455
your resume httpswwwindeedcompromoresume sign,21,0.954545454545455
httpswwwindeedcomsalaries upload your resume,21,0.954545454545455
salaries httpswwwindeedcomsalaries upload your,21,0.954545454545455
httpswwwindeedcomcompaniesfind salaries httpswwwindeedcomsalaries upload,21,0.954545454545455
reviews httpswwwindeedcomcompaniesfind salaries httpswwwindeedcomsalaries,21,0.954545454545455
httpswwwindeedcomcompany reviews httpswwwindeedcomcompaniesfind salaries,21,0.954545454545455
jobs httpswwwindeedcomcompany reviews httpswwwindeedcomcompaniesfind,21,0.954545454545455
find jobs httpswwwindeedcomcompany reviews,21,0.954545454545455
httpswwwindeedcomfromgnavviewjob find jobs httpswwwindeedcomcompany,21,0.954545454545455
logo httpswwwindeedcomfromgnavviewjob find jobs,21,0.954545454545455
indeed logo httpswwwindeedcomfromgnavviewjob find,21,0.954545454545455
gnavheaderend indeed logo httpswwwindeedcomfromgnavviewjob,21,0.954545454545455
content gnavheaderend indeed logo,21,0.954545454545455
main content gnavheaderend indeed,21,0.954545454545455
to main content gnavheaderend,21,0.954545454545455
youupload your resume,21,0.954545454545455
find youupload your,21,0.954545454545455
employers find youupload,21,0.954545454545455
httpswwwindeedcomlegal let employers,21,0.954545454545455
terms httpswwwindeedcomlegal let,21,0.954545454545455
and terms httpswwwindeedcomlegal,21,0.954545454545455
privacy and terms,21,0.954545454545455
cookies privacy and,21,0.954545454545455
httpshrtechprivacycom cookies privacy,21,0.954545454545455
center httpshrtechprivacycom cookies,21,0.954545454545455
privacy center httpshrtechprivacycom,21,0.954545454545455
httpswwwindeedcomlegalccpadns privacy center,21,0.954545454545455
information httpswwwindeedcomlegalccpadns privacy,21,0.954545454545455
personal information httpswwwindeedcomlegalccpadns,21,0.954545454545455
my personal information,21,0.954545454545455
sell my personal,21,0.954545454545455
not sell my,21,0.954545454545455
indeeddo not sell,21,0.954545454545455
2020 indeeddo not,21,0.954545454545455
httpswwwindeedcomcommunityindeedcommunityctpen 2020 indeeddo,21,0.954545454545455
community httpswwwindeedcomcommunityindeedcommunityctpen 2020,21,0.954545454545455
httpsindeedzendeskcomhcenus community httpswwwindeedcomcommunityindeedcommunityctpen,21,0.954545454545455
center httpsindeedzendeskcomhcenus community,21,0.954545454545455
help center httpsindeedzendeskcomhcenus,21,0.954545454545455
httpswwwindeedcomintlenabouthtml help center,21,0.954545454545455
about httpswwwindeedcomintlenabouthtml help,21,0.954545454545455
httpswwwindeedcomworldwide about httpswwwindeedcomintlenabouthtml,21,0.954545454545455
countries httpswwwindeedcomworldwide about,21,0.954545454545455
httpswwwindeedjobs countries httpswwwindeedcomworldwide,21,0.954545454545455
indeed httpswwwindeedjobs countries,21,0.954545454545455
at indeed httpswwwindeedjobs,21,0.954545454545455
work at indeed,21,0.954545454545455
httpswwwindeedeventscom work at,21,0.954545454545455
events httpswwwindeedeventscom work,21,0.954545454545455
indeed events httpswwwindeedeventscom,21,0.954545454545455
httpswwwindeedcomcertifications indeed events,21,0.954545454545455
certifications httpswwwindeedcomcertifications indeed,21,0.954545454545455
find certifications httpswwwindeedcomcertifications,21,0.954545454545455
httpswwwindeedcomsalaries find certifications,21,0.954545454545455
salaries httpswwwindeedcomsalaries find,21,0.954545454545455
httpswwwindeedcomcompanies salaries httpswwwindeedcomsalaries,21,0.954545454545455
companies httpswwwindeedcomcompanies salaries,21,0.954545454545455
browse companies httpswwwindeedcomcompanies,21,0.954545454545455
httpswwwindeedcomfindjobsjsp browse companies,21,0.954545454545455
jobs httpswwwindeedcomfindjobsjsp browse,21,0.954545454545455
browse jobs httpswwwindeedcomfindjobsjsp,21,0.954545454545455
httpswwwindeedcomcareeradvice browse jobs,21,0.954545454545455
advice httpswwwindeedcomcareeradvice browse,21,0.954545454545455
career advice httpswwwindeedcomcareeradvice,21,0.954545454545455
httpswwwhiringlaborg career advice,21,0.954545454545455
lab httpswwwhiringlaborg career,21,0.954545454545455
hiring lab httpswwwhiringlaborg,21,0.954545454545455
httpswwwindeedcompromoresume hiring lab,21,0.954545454545455
resume httpswwwindeedcompromoresume hiring,21,0.954545454545455
indeed upload your,21,0.954545454545455
on indeed upload,21,0.954545454545455
candidates on indeed,21,0.954545454545455
for candidates on,21,0.954545454545455
search for candidates,21,0.954545454545455
employers search for,21,0.954545454545455
of employers search,21,0.954545454545455
thousands of employers,21,0.954545454545455
you thousands of,21,0.954545454545455
find you thousands,21,0.954545454545455
employers find you,21,0.954545454545455
engineer salaries in,21,0.954545454545455
engineer jobs in,21,0.954545454545455
save jobreport job,21,0.954545454545455
ago save jobreport,21,0.954545454545455
job copy link,21,0.954545454545455
this job copy,21,0.954545454545455
save this job,21,0.954545454545455
job search httpswwwindeedcomadvancedsearch,21,0.954545454545455
advanced job search,21,0.954545454545455
jobs advanced job,21,0.954545454545455
find jobs advanced,21,0.954545454545455
where find jobs,21,0.954545454545455
what where find,21,0.954545454545455
httpswwwindeedcomhirecoushlen what where,21,0.954545454545455
job httpswwwindeedcomhirecoushlen what,21,0.954545454545455
post job httpswwwindeedcomhirecoushlen,21,0.954545454545455
employers post job,21,0.954545454545455
httpswwwindeedcompromoresume sign in,21,0.954545454545455
resume httpswwwindeedcompromoresume sign,21,0.954545454545455
httpswwwindeedcomsalaries upload your,21,0.954545454545455
salaries httpswwwindeedcomsalaries upload,21,0.954545454545455
httpswwwindeedcomcompaniesfind salaries httpswwwindeedcomsalaries,21,0.954545454545455
reviews httpswwwindeedcomcompaniesfind salaries,21,0.954545454545455
httpswwwindeedcomcompany reviews httpswwwindeedcomcompaniesfind,21,0.954545454545455
jobs httpswwwindeedcomcompany reviews,21,0.954545454545455
find jobs httpswwwindeedcomcompany,21,0.954545454545455
httpswwwindeedcomfromgnavviewjob find jobs,21,0.954545454545455
logo httpswwwindeedcomfromgnavviewjob find,21,0.954545454545455
indeed logo httpswwwindeedcomfromgnavviewjob,21,0.954545454545455
gnavheaderend indeed logo,21,0.954545454545455
content gnavheaderend indeed,21,0.954545454545455
main content gnavheaderend,21,0.954545454545455
youupload your,21,0.954545454545455
find youupload,21,0.954545454545455
httpswwwindeedcomlegal let,21,0.954545454545455
terms httpswwwindeedcomlegal,21,0.954545454545455
and terms,21,0.954545454545455
privacy and,21,0.954545454545455
cookies privacy,21,0.954545454545455
httpshrtechprivacycom cookies,21,0.954545454545455
center httpshrtechprivacycom,21,0.954545454545455
privacy center,21,0.954545454545455
httpswwwindeedcomlegalccpadns privacy,21,0.954545454545455
information httpswwwindeedcomlegalccpadns,21,0.954545454545455
personal information,21,0.954545454545455
my personal,21,0.954545454545455
sell my,21,0.954545454545455
not sell,21,0.954545454545455
indeeddo not,21,0.954545454545455
2020 indeeddo,21,0.954545454545455
httpswwwindeedcomcommunityindeedcommunityctpen 2020,21,0.954545454545455
community httpswwwindeedcomcommunityindeedcommunityctpen,21,0.954545454545455
httpsindeedzendeskcomhcenus community,21,0.954545454545455
center httpsindeedzendeskcomhcenus,21,0.954545454545455
help center,21,0.954545454545455
httpswwwindeedcomintlenabouthtml help,21,0.954545454545455
about httpswwwindeedcomintlenabouthtml,21,0.954545454545455
httpswwwindeedcomworldwide about,21,0.954545454545455
countries httpswwwindeedcomworldwide,21,0.954545454545455
httpswwwindeedjobs countries,21,0.954545454545455
indeed httpswwwindeedjobs,21,0.954545454545455
at indeed,21,0.954545454545455
httpswwwindeedeventscom work,21,0.954545454545455
events httpswwwindeedeventscom,21,0.954545454545455
indeed events,21,0.954545454545455
httpswwwindeedcomcertifications indeed,21,0.954545454545455
certifications httpswwwindeedcomcertifications,21,0.954545454545455
find certifications,21,0.954545454545455
httpswwwindeedcomsalaries find,21,0.954545454545455
httpswwwindeedcomcompanies salaries,21,0.954545454545455
companies httpswwwindeedcomcompanies,21,0.954545454545455
browse companies,21,0.954545454545455
httpswwwindeedcomfindjobsjsp browse,21,0.954545454545455
jobs httpswwwindeedcomfindjobsjsp,21,0.954545454545455
browse jobs,21,0.954545454545455
httpswwwindeedcomcareeradvice browse,21,0.954545454545455
advice httpswwwindeedcomcareeradvice,21,0.954545454545455
career advice,21,0.954545454545455
httpswwwhiringlaborg career,21,0.954545454545455
lab httpswwwhiringlaborg,21,0.954545454545455
hiring lab,21,0.954545454545455
httpswwwindeedcompromoresume hiring,21,0.954545454545455
indeed upload,21,0.954545454545455
on indeed,21,0.954545454545455
candidates on,21,0.954545454545455
search for,21,0.954545454545455
employers search,21,0.954545454545455
of employers,21,0.954545454545455
thousands of,21,0.954545454545455
you thousands,21,0.954545454545455
find you,21,0.954545454545455
salaries in,21,0.954545454545455
engineer salaries,21,0.954545454545455
jobs in,21,0.954545454545455
engineer jobs,21,0.954545454545455
jobreport job,21,0.954545454545455
save jobreport,21,0.954545454545455
ago save,21,0.954545454545455
copy link,21,0.954545454545455
job copy,21,0.954545454545455
save this,21,0.954545454545455
search httpswwwindeedcomadvancedsearch,21,0.954545454545455
job search,21,0.954545454545455
advanced job,21,0.954545454545455
jobs advanced,21,0.954545454545455
where find,21,0.954545454545455
what where,21,0.954545454545455
httpswwwindeedcomhirecoushlen what,21,0.954545454545455
job httpswwwindeedcomhirecoushlen,21,0.954545454545455
post job,21,0.954545454545455
employers post,21,0.954545454545455
sign in,21,0.954545454545455
httpswwwindeedcompromoresume sign,21,0.954545454545455
httpswwwindeedcomsalaries upload,21,0.954545454545455
httpswwwindeedcomcompaniesfind salaries,21,0.954545454545455
reviews httpswwwindeedcomcompaniesfind,21,0.954545454545455
httpswwwindeedcomcompany reviews,21,0.954545454545455
jobs httpswwwindeedcomcompany,21,0.954545454545455
httpswwwindeedcomfromgnavviewjob find,21,0.954545454545455
logo httpswwwindeedcomfromgnavviewjob,21,0.954545454545455
indeed logo,21,0.954545454545455
gnavheaderend indeed,21,0.954545454545455
content gnavheaderend,21,0.954545454545455
youupload,21,0.954545454545455
httpswwwindeedcomlegal,21,0.954545454545455
cookies,21,0.954545454545455
httpshrtechprivacycom,21,0.954545454545455
httpswwwindeedcomlegalccpadns,21,0.954545454545455
indeeddo,21,0.954545454545455
httpswwwindeedcomcommunityindeedcommunityctpen,21,0.954545454545455
httpsindeedzendeskcomhcenus,21,0.954545454545455
httpswwwindeedcomintlenabouthtml,21,0.954545454545455
httpswwwindeedcomworldwide,21,0.954545454545455
httpswwwindeedjobs,21,0.954545454545455
httpswwwindeedeventscom,21,0.954545454545455
events,21,0.954545454545455
httpswwwindeedcomcertifications,21,0.954545454545455
certifications,21,0.954545454545455
httpswwwindeedcomcompanies,21,0.954545454545455
httpswwwindeedcomfindjobsjsp,21,0.954545454545455
httpswwwindeedcomcareeradvice,21,0.954545454545455
httpswwwhiringlaborg,21,0.954545454545455
thousands,21,0.954545454545455
follow,21,0.954545454545455
jobreport,21,0.954545454545455
ago,21,0.954545454545455
support,21,0.954545454545455
management,21,0.954545454545455
years,21,0.954545454545455
link,21,0.954545454545455
copy,21,0.954545454545455
httpswwwindeedcomadvancedsearch,21,0.954545454545455
httpswwwindeedcomhirecoushlen,21,0.954545454545455
post,21,0.954545454545455
sign,21,0.954545454545455
httpswwwindeedcomcompaniesfind,21,0.954545454545455
httpswwwindeedcomcompany,21,0.954545454545455
httpswwwindeedcomfromgnavviewjob,21,0.954545454545455
gnavheaderend,21,0.954545454545455
lockheed martin,20,0.909090909090909
martin,20,0.909090909090909
ability to,20,0.909090909090909
ability,20,0.909090909090909
get job updates from,20,0.909090909090909
follow get job updates,20,0.909090909090909
job updates from,20,0.909090909090909
get job updates,20,0.909090909090909
follow get job,20,0.909090909090909
updates from,20,0.909090909090909
job updates,20,0.909090909090909
get job,20,0.909090909090909
follow get,20,0.909090909090909
company info,20,0.909090909090909
will be,20,0.909090909090909
updates,20,0.909090909090909
get,20,0.909090909090909
info,20,0.909090909090909
employer,20,0.909090909090909
ensure,20,0.909090909090909
project,20,0.909090909090909
improvement,20,0.909090909090909
cost,20,0.909090909090909
jobs at,19,0.863636363636364
manufacturing processes,19,0.863636363636364
technical,19,0.863636363636364
requirements,19,0.863636363636364
days ago save jobreport,19,0.863636363636364
days ago save,19,0.863636363636364
days ago,19,0.863636363636364
days,19,0.863636363636364
environment,19,0.863636363636364
operations,19,0.863636363636364
systems,18,0.818181818181818
and equipment,18,0.818181818181818
processes and,18,0.818181818181818
401k,18,0.818181818181818
may,18,0.818181818181818
strong,18,0.818181818181818
2,18,0.818181818181818
degree,18,0.818181818181818
qualifications,18,0.818181818181818
safety,18,0.818181818181818
responsibilities,18,0.818181818181818
opportunity,18,0.818181818181818
knowledge,18,0.818181818181818
program,18,0.818181818181818
textron,17,0.772727272727273
fl,17,0.772727272727273
fulltime,17,0.772727272727273
tooling,17,0.772727272727273
in a,17,0.772727272727273
as a,17,0.772727272727273
education,17,0.772727272727273
use,17,0.772727272727273
continuous,17,0.772727272727273
inc,16,0.727272727272727
location,16,0.727272727272727
to ensure,16,0.727272727272727
work with,16,0.727272727272727
mechanical,16,0.727272727272727
medical,16,0.727272727272727
position,16,0.727272727272727
pay,16,0.727272727272727
benefits,16,0.727272727272727
one,16,0.727272727272727
people,16,0.727272727272727
maintain,15,0.681818181818182
ga,15,0.681818181818182
responsible for the,15,0.681818181818182
the employer,15,0.681818181818182
request,15,0.681818181818182
approach,15,0.681818181818182
schedule,15,0.681818181818182
manufacturing engineer salaries in,15,0.681818181818182
manufacturing engineer jobs in,15,0.681818181818182
manufacturing engineer salaries,15,0.681818181818182
manufacturing engineer jobs,15,0.681818181818182
manufacturing engineering,15,0.681818181818182
is a,15,0.681818181818182
in the,15,0.681818181818182
3,15,0.681818181818182
duties,15,0.681818181818182
problems,15,0.681818181818182
plant,15,0.681818181818182
us,15,0.681818181818182
development,15,0.681818181818182
leading,15,0.681818181818182
vehicles,14,0.636363636363636
lockheed martin corporation,14,0.636363636363636
martin corporation,14,0.636363636363636
corporation,14,0.636363636363636
job search httpswwwindeedcomadvancedsearch manufacturing,14,0.636363636363636
search httpswwwindeedcomadvancedsearch manufacturing,14,0.636363636363636
httpswwwindeedcomadvancedsearch manufacturing,14,0.636363636363636
methods of,14,0.636363636363636
equipment and,14,0.636363636363636
require,14,0.636363636363636
shift,14,0.636363636363636
level,14,0.636363636363636
if you,14,0.636363636363636
continuous improvement,14,0.636363636363636
directly,14,0.636363636363636
status,14,0.636363636363636
communication,14,0.636363636363636
implement,14,0.636363636363636
related,14,0.636363636363636
performance,14,0.636363636363636
including,14,0.636363636363636
the employers application process,13,0.590909090909091
for the employers application,13,0.590909090909091
responsible for the employers,13,0.590909090909091
not responsible for the,13,0.590909090909091
is not responsible for,13,0.590909090909091
indeed is not responsible,13,0.590909090909091
as indeed is not,13,0.590909090909091
this as indeed is,13,0.590909090909091
request this as indeed,13,0.590909090909091
to request this as,13,0.590909090909091
directly to request this,13,0.590909090909091
employer directly to request,13,0.590909090909091
the employer directly to,13,0.590909090909091
approach the employer directly,13,0.590909090909091
must approach the employer,13,0.590909090909091
you must approach the,13,0.590909090909091
screening you must approach,13,0.590909090909091
or screening you must,13,0.590909090909091
application or screening you,13,0.590909090909091
of application or screening,13,0.590909090909091
methods of application or,13,0.590909090909091
alternative methods of application,13,0.590909090909091
require alternative methods of,13,0.590909090909091
you require alternative methods,13,0.590909090909091
if you require alternative,13,0.590909090909091
now save this job,13,0.590909090909091
apply now save this,13,0.590909090909091
now apply now save,13,0.590909090909091
apply now apply now,13,0.590909090909091
employers application process,13,0.590909090909091
the employers application,13,0.590909090909091
for the employers,13,0.590909090909091
not responsible for,13,0.590909090909091
is not responsible,13,0.590909090909091
indeed is not,13,0.590909090909091
as indeed is,13,0.590909090909091
this as indeed,13,0.590909090909091
request this as,13,0.590909090909091
to request this,13,0.590909090909091
directly to request,13,0.590909090909091
employer directly to,13,0.590909090909091
the employer directly,13,0.590909090909091
approach the employer,13,0.590909090909091
must approach the,13,0.590909090909091
you must approach,13,0.590909090909091
screening you must,13,0.590909090909091
or screening you,13,0.590909090909091
application or screening,13,0.590909090909091
of application or,13,0.590909090909091
methods of application,13,0.590909090909091
alternative methods of,13,0.590909090909091
require alternative methods,13,0.590909090909091
you require alternative,13,0.590909090909091
if you require,13,0.590909090909091
now save this,13,0.590909090909091
apply now save,13,0.590909090909091
now apply now,13,0.590909090909091
apply now apply,13,0.590909090909091
application process,13,0.590909090909091
employers application,13,0.590909090909091
the employers,13,0.590909090909091
not responsible,13,0.590909090909091
is not,13,0.590909090909091
indeed is,13,0.590909090909091
as indeed,13,0.590909090909091
this as,13,0.590909090909091
request this,13,0.590909090909091
to request,13,0.590909090909091
directly to,13,0.590909090909091
employer directly,13,0.590909090909091
approach the,13,0.590909090909091
must approach,13,0.590909090909091
you must,13,0.590909090909091
screening you,13,0.590909090909091
or screening,13,0.590909090909091
application or,13,0.590909090909091
of application,13,0.590909090909091
alternative methods,13,0.590909090909091
require alternative,13,0.590909090909091
you require,13,0.590909090909091
now save,13,0.590909090909091
now apply,13,0.590909090909091
screening,13,0.590909090909091
alternative,13,0.590909090909091
vision,13,0.590909090909091
paid,13,0.590909090909091
to the,13,0.590909090909091
1,13,0.590909090909091
lean,13,0.590909090909091
life,13,0.590909090909091
improve,13,0.590909090909091
read,13,0.590909090909091
northrop,12,0.545454545454545
applicants,12,0.545454545454545
job type fulltime,12,0.545454545454545
type fulltime,12,0.545454545454545
job type,12,0.545454545454545
remotely,12,0.545454545454545
employee,12,0.545454545454545
type,12,0.545454545454545
plan,12,0.545454545454545
perform,12,0.545454545454545
designs,12,0.545454545454545
existing,12,0.545454545454545
using,12,0.545454545454545
standards,12,0.545454545454545
employment,12,0.545454545454545
planning,12,0.545454545454545
analysis,12,0.545454545454545
–,12,0.545454545454545
conditions,12,0.545454545454545
northrop grumman,11,0.5
grumman,11,0.5
degree in,11,0.5
the manufacturing,11,0.5
info follow get job,11,0.5
company info follow get,11,0.5
job if you require,11,0.5
jobreport job if you,11,0.5
save jobreport job if,11,0.5
info follow get,11,0.5
company info follow,11,0.5
job if you,11,0.5
jobreport job if,11,0.5
work remotely no,11,0.5
info follow,11,0.5
job if,11,0.5
remotely no,11,0.5
work remotely,11,0.5
design and,11,0.5
based,11,0.5
experience in,11,0.5
with the,11,0.5
solutions,11,0.5
year,11,0.5
assigned,11,0.5
tools,11,0.5
efficiency,11,0.5
lead,11,0.5
best,11,0.5
opportunities,11,0.5
part,11,0.5
textron specialized vehicles,10,0.454545454545455
specialized vehicles,10,0.454545454545455
textron specialized,10,0.454545454545455
specialized,10,0.454545454545455
tesla,10,0.454545454545455
data,10,0.454545454545455
production processes,10,0.454545454545455
va,10,0.454545454545455
manufacturing process,10,0.454545454545455
techniques,10,0.454545454545455
search httpswwwindeedcomadvancedsearch manufacturing engineer,10,0.454545454545455
httpswwwindeedcomadvancedsearch manufacturing engineer,10,0.454545454545455
highly,10,0.454545454545455
monday to friday,10,0.454545454545455
paid time off,10,0.454545454545455
to friday,10,0.454545454545455
monday to,10,0.454545454545455
time off,10,0.454545454545455
paid time,10,0.454545454545455
friday,10,0.454545454545455
monday,10,0.454545454545455
within,10,0.454545454545455
jobreport job original job,10,0.454545454545455
save jobreport job original,10,0.454545454545455
saying about working here,10,0.454545454545455
are saying about working,10,0.454545454545455
people are saying about,10,0.454545454545455
what people are saying,10,0.454545454545455
read what people are,10,0.454545454545455
reviews read what people,10,0.454545454545455
job original job,10,0.454545454545455
jobreport job original,10,0.454545454545455
about working here,10,0.454545454545455
saying about working,10,0.454545454545455
are saying about,10,0.454545454545455
people are saying,10,0.454545454545455
what people are,10,0.454545454545455
read what people,10,0.454545454545455
reviews read what,10,0.454545454545455
original job,10,0.454545454545455
job original,10,0.454545454545455
on the,10,0.454545454545455
to work,10,0.454545454545455
to a,10,0.454545454545455
you will,10,0.454545454545455
a leading,10,0.454545454545455
working here,10,0.454545454545455
about working,10,0.454545454545455
saying about,10,0.454545454545455
are saying,10,0.454545454545455
people are,10,0.454545454545455
what people,10,0.454545454545455
read what,10,0.454545454545455
reviews read,10,0.454545454545455
technology,10,0.454545454545455
original,10,0.454545454545455
disability,10,0.454545454545455
day,10,0.454545454545455
improvements,10,0.454545454545455
include,10,0.454545454545455
industrial,10,0.454545454545455
health,10,0.454545454545455
developing,10,0.454545454545455
technologies,10,0.454545454545455
world,10,0.454545454545455
make,10,0.454545454545455
site,10,0.454545454545455
saying,10,0.454545454545455
we’re,9,0.409090909090909
basic,9,0.409090909090909
pool,9,0.409090909090909
kautex,9,0.409090909090909
and other,9,0.409090909090909
control,9,0.409090909090909
mi,9,0.409090909090909
methods and,9,0.409090909090909
standard,9,0.409090909090909
high,9,0.409090909090909
health insurance,9,0.409090909090909
benefits 401k,9,0.409090909090909
years of,9,0.409090909090909
and procedures,9,0.409090909090909
with a,9,0.409090909090909
develop and,9,0.409090909090909
5,9,0.409090909090909
dental,9,0.409090909090909
assist,9,0.409090909090909
materials,9,0.409090909090909
operating,9,0.409090909090909
and implement,9,0.409090909090909
engineer will,9,0.409090909090909
a manufacturing,9,0.409090909090909
a 3m,9,0.409090909090909
website,9,0.409090909090909
excellent,9,0.409090909090909
bachelors,9,0.409090909090909
provides,9,0.409090909090909
industries,9,0.409090909090909
global,9,0.409090909090909
and production,8,0.363636363636364
training,8,0.363636363636364
system,8,0.363636363636364
coordinate,8,0.363636363636364
energy,8,0.363636363636364
fabrication,8,0.363636363636364
process manufacturing engineer jobs,8,0.363636363636364
application process manufacturing engineer,8,0.363636363636364
employers application process manufacturing,8,0.363636363636364
process manufacturing engineer,8,0.363636363636364
application process manufacturing,8,0.363636363636364
process manufacturing,8,0.363636363636364
material,8,0.363636363636364
insurance paid time off,8,0.363636363636364
job type fulltime benefits,8,0.363636363636364
insurance paid time,8,0.363636363636364
type fulltime benefits,8,0.363636363636364
insurance paid,8,0.363636363636364
dental insurance,8,0.363636363636364
fulltime benefits,8,0.363636363636364
companys,8,0.363636363636364
matching,8,0.363636363636364
practices,8,0.363636363636364
good,8,0.363636363636364
meet,8,0.363636363636364
needed,8,0.363636363636364
machinery,8,0.363636363636364
andor,8,0.363636363636364
cad,8,0.363636363636364
apply on company site,8,0.363636363636364
as a 3m,8,0.363636363636364
on company site,8,0.363636363636364
apply on company,8,0.363636363636364
for a,8,0.363636363636364
opportunity to,8,0.363636363636364
of manufacturing,8,0.363636363636364
and the,8,0.363636363636364
the world,8,0.363636363636364
company site,8,0.363636363636364
on company,8,0.363636363636364
apply on,8,0.363636363636364
access,8,0.363636363636364
gender,8,0.363636363636364
written,8,0.363636363636364
effective,8,0.363636363636364
problem,8,0.363636363636364
statistical,8,0.363636363636364
key,8,0.363636363636364
primary,8,0.363636363636364
customer,8,0.363636363636364
without,8,0.363636363636364
learn,8,0.363636363636364
create,8,0.363636363636364
piller aimmco,7,0.318181818181818
aimmco,7,0.318181818181818
piller,7,0.318181818181818
tool,7,0.318181818181818
latham pool products,7,0.318181818181818
pool products,7,0.318181818181818
latham pool,7,0.318181818181818
latham,7,0.318181818181818
defining,7,0.318181818181818
customers,7,0.318181818181818
processing,7,0.318181818181818
current,7,0.318181818181818
and experience,7,0.318181818181818
based on,7,0.318181818181818
installation,7,0.318181818181818
personnel,7,0.318181818181818
essential,7,0.318181818181818
and maintain,7,0.318181818181818
and process,7,0.318181818181818
internal,7,0.318181818181818
manufacturing process engineer,7,0.318181818181818
facility,7,0.318181818181818
individuals,7,0.318181818181818
general,7,0.318181818181818
monday to friday experience,7,0.318181818181818
to friday experience,7,0.318181818181818
friday experience,7,0.318181818181818
word,7,0.318181818181818
future,7,0.318181818181818
issues,7,0.318181818181818
type fulltime benefits 401k,7,0.318181818181818
fulltime benefits 401k,7,0.318181818181818
companys website,7,0.318181818181818
preferred work,7,0.318181818181818
insurance schedule,7,0.318181818181818
401k matching,7,0.318181818181818
communication skills,7,0.318181818181818
of new,7,0.318181818181818
and processes,7,0.318181818181818
north,7,0.318181818181818
solidworks,7,0.318181818181818
proficient,7,0.318181818181818
packaging,7,0.318181818181818
staff,7,0.318181818181818
instructions,7,0.318181818181818
goals,7,0.318181818181818
education and,7,0.318181818181818
bachelor’s degree,7,0.318181818181818
this position,7,0.318181818181818
part of,7,0.318181818181818
to improve,7,0.318181818181818
at the,7,0.318181818181818
national,7,0.318181818181818
color,7,0.318181818181818
equal,7,0.318181818181818
programs,7,0.318181818181818
analytical,7,0.318181818181818
solving,7,0.318181818181818
bachelor’s,7,0.318181818181818
investigation,7,0.318181818181818
capital,7,0.318181818181818
determine,7,0.318181818181818
reduction,7,0.318181818181818
industry,7,0.318181818181818
providing,7,0.318181818181818
states,7,0.318181818181818
professional,7,0.318181818181818
challenging,7,0.318181818181818
many,7,0.318181818181818
change,7,0.318181818181818
bachelor’s degree in,6,0.272727272727273
software,6,0.272727272727273
possible,6,0.272727272727273
melbourne,6,0.272727272727273
at lockheed,6,0.272727272727273
8237 reviews,6,0.272727272727273
utilize,6,0.272727272727273
efficient,6,0.272727272727273
8237,6,0.272727272727273
space,6,0.272727272727273
designing,6,0.272727272727273
employees or applicants,6,0.272727272727273
or applicants,6,0.272727272727273
employees or,6,0.272727272727273
the production,6,0.272727272727273
action,6,0.272727272727273
plans,6,0.272727272727273
kason,6,0.272727272727273
in engineering,6,0.272727272727273
any other,6,0.272727272727273
microsoft,6,0.272727272727273
maintenance,6,0.272727272727273
reduce,6,0.272727272727273
flow,6,0.272727272727273
entry level,6,0.272727272727273
plus,6,0.272727272727273
entry,6,0.272727272727273
and responsibilities,6,0.272727272727273
affiliated companies,6,0.272727272727273
general atomics,6,0.272727272727273
specific,6,0.272727272727273
aircraft,6,0.272727272727273
affiliated,6,0.272727272727273
atomics,6,0.272727272727273
required education,6,0.272727272727273
experience manufacturing,6,0.272727272727273
engineering or,6,0.272727272727273
in mechanical,6,0.272727272727273
understanding of,6,0.272727272727273
processes to,6,0.272727272727273
of engineering,6,0.272727272727273
bs,6,0.272727272727273
understanding,6,0.272727272727273
build,6,0.272727272727273
suppliers,6,0.272727272727273
candidate,6,0.272727272727273
cigarette,6,0.272727272727273
401k matching dental insurance,6,0.272727272727273
benefits 401k 401k matching,6,0.272727272727273
vision insurance schedule,6,0.272727272727273
matching dental insurance,6,0.272727272727273
401k matching dental,6,0.272727272727273
401k 401k matching,6,0.272727272727273
benefits 401k 401k,6,0.272727272727273
years of experience,6,0.272727272727273
vision insurance,6,0.272727272727273
matching dental,6,0.272727272727273
401k 401k,6,0.272727272727273
of experience,6,0.272727272727273
support to,6,0.272727272727273
to meet,6,0.272727272727273
materials and,6,0.272727272727273
as needed,6,0.272727272727273
manufacturing and,6,0.272727272727273
new products,6,0.272727272727273
and develop,6,0.272727272727273
processes for,6,0.272727272727273
to develop,6,0.272727272727273
the company,6,0.272727272727273
winstonsalem nc,6,0.272727272727273
period,6,0.272727272727273
office,6,0.272727272727273
functions,6,0.272727272727273
specifications,6,0.272727272727273
line,6,0.272727272727273
nc,6,0.272727272727273
winstonsalem,6,0.272727272727273
sexual orientation gender,6,0.272727272727273
manufacturing engineer will,6,0.272727272727273
use of,6,0.272727272727273
access to,6,0.272727272727273
national origin,6,0.272727272727273
orientation gender,6,0.272727272727273
sexual orientation,6,0.272727272727273
race color,6,0.272727272727273
the world’s,6,0.272727272727273
problem solving,6,0.272727272727273
1 year,6,0.272727272727273
project management,6,0.272727272727273
lean manufacturing,6,0.272727272727273
in manufacturing,6,0.272727272727273
working in,6,0.272727272727273
to help,6,0.272727272727273
of a,6,0.272727272727273
of our,6,0.272727272727273
statement,6,0.272727272727273
age,6,0.272727272727273
origin,6,0.272727272727273
orientation,6,0.272727272727273
sexual,6,0.272727272727273
religion,6,0.272727272727273
race,6,0.272727272727273
policies,6,0.272727272727273
world’s,6,0.272727272727273
assistance,6,0.272727272727273
verbal,6,0.272727272727273
teams,6,0.272727272727273
electrical,6,0.272727272727273
minimum,6,0.272727272727273
following,6,0.272727272727273
service,6,0.272727272727273
results,6,0.272727272727273
diverse,6,0.272727272727273
assignments,6,0.272727272727273
range,6,0.272727272727273
individual,6,0.272727272727273
offer,6,0.272727272727273
grow,6,0.272727272727273
united,6,0.272727272727273
lakeland,5,0.227272727272727
3 years,5,0.227272727272727
assembly processes,5,0.227272727272727
the manufacturing engineer,5,0.227272727272727
piller aimmco inc,5,0.227272727272727
required to,5,0.227272727272727
aimmco inc,5,0.227272727272727
molding,5,0.227272727272727
capacity,5,0.227272727272727
increase,5,0.227272727272727
documentation,5,0.227272727272727
safety and,5,0.227272727272727
package,5,0.227272727272727
innovative,5,0.227272727272727
generation,5,0.227272727272727
lithia springs ga,5,0.227272727272727
springs ga,5,0.227272727272727
lithia springs,5,0.227272727272727
springs,5,0.227272727272727
lithia,5,0.227272727272727
degree in mechanical,5,0.227272727272727
tool design,5,0.227272727272727
modification,5,0.227272727272727
tools and,5,0.227272727272727
operations and,5,0.227272727272727
cars,5,0.227272727272727
bring,5,0.227272727272727
zephyrhills fl,5,0.227272727272727
zephyrhills,5,0.227272727272727
degree in engineering,5,0.227272727272727
is a leading,5,0.227272727272727
inc is,5,0.227272727272727
protected,5,0.227272727272727
relevant,5,0.227272727272727
manage,5,0.227272727272727
tank,5,0.227272727272727
education and experience,5,0.227272727272727
layout,5,0.227272727272727
proficient in,5,0.227272727272727
cadillac mi,5,0.227272727272727
various,5,0.227272727272727
troubleshooting,5,0.227272727272727
cadillac,5,0.227272727272727
physical,5,0.227272727272727
process engineer salaries in,5,0.227272727272727
process engineer jobs in,5,0.227272727272727
2 days ago save,5,0.227272727272727
atomics and affiliated companies,5,0.227272727272727
general atomics and affiliated,5,0.227272727272727
process engineer salaries,5,0.227272727272727
process engineer jobs,5,0.227272727272727
2 days ago,5,0.227272727272727
duties and responsibilities,5,0.227272727272727
and affiliated companies,5,0.227272727272727
atomics and affiliated,5,0.227272727272727
general atomics and,5,0.227272727272727
2 days,5,0.227272727272727
procedures for,5,0.227272727272727
to perform,5,0.227272727272727
equipment to,5,0.227272727272727
duties and,5,0.227272727272727
and affiliated,5,0.227272727272727
atomics and,5,0.227272727272727
safe,5,0.227272727272727
automation,5,0.227272727272727
experienced,5,0.227272727272727
produce,5,0.227272727272727
become,5,0.227272727272727
group,5,0.227272727272727
qualified,5,0.227272727272727
to friday experience manufacturing,5,0.227272727272727
schedule monday to friday,5,0.227272727272727
experience manufacturing engineering,5,0.227272727272727
friday experience manufacturing,5,0.227272727272727
schedule monday to,5,0.227272727272727
cigarette racing team,5,0.227272727272727
education bachelors,5,0.227272727272727
schedule monday,5,0.227272727272727
management of,5,0.227272727272727
racing team,5,0.227272727272727
cigarette racing,5,0.227272727272727
compensation,5,0.227272727272727
exciting,5,0.227272727272727
join,5,0.227272727272727
manufacturer,5,0.227272727272727
racing,5,0.227272727272727
waiting period may apply,5,0.227272727272727
conditions waiting period may,5,0.227272727272727
benefit conditions waiting period,5,0.227272727272727
shift monday to friday,5,0.227272727272727
life insurance paid time,5,0.227272727272727
insurance life insurance paid,5,0.227272727272727
health insurance life insurance,5,0.227272727272727
401k 401k matching dental,5,0.227272727272727
fulltime benefits 401k 401k,5,0.227272727272727
other duties as assigned,5,0.227272727272727
period may apply,5,0.227272727272727
waiting period may,5,0.227272727272727
conditions waiting period,5,0.227272727272727
benefit conditions waiting,5,0.227272727272727
shift monday to,5,0.227272727272727
life insurance paid,5,0.227272727272727
insurance life insurance,5,0.227272727272727
health insurance life,5,0.227272727272727
duties as assigned,5,0.227272727272727
other duties as,5,0.227272727272727
processes and equipment,5,0.227272727272727
manufacturing processes and,5,0.227272727272727
may apply,5,0.227272727272727
period may,5,0.227272727272727
waiting period,5,0.227272727272727
conditions waiting,5,0.227272727272727
benefit conditions,5,0.227272727272727
shift monday,5,0.227272727272727
life insurance,5,0.227272727272727
insurance life,5,0.227272727272727
as assigned,5,0.227272727272727
duties as,5,0.227272727272727
other duties,5,0.227272727272727
technical support,5,0.227272727272727
and related,5,0.227272727272727
and manufacturing,5,0.227272727272727
charter medical,5,0.227272727272727
organization,5,0.227272727272727
waiting,5,0.227272727272727
benefit,5,0.227272727272727
define,5,0.227272727272727
computer,5,0.227272727272727
components,5,0.227272727272727
changes,5,0.227272727272727
evaluate,5,0.227272727272727
execute,5,0.227272727272727
modifications,5,0.227272727272727
custom,5,0.227272727272727
drawings,5,0.227272727272727
charter,5,0.227272727272727
3 days ago save,5,0.227272727272727
sexual orientation gender identity,5,0.227272727272727
3 days ago,5,0.227272727272727
orientation gender identity,5,0.227272727272727
race color religion,5,0.227272727272727
experience in a,5,0.227272727272727
not limited to,5,0.227272727272727
an opportunity to,5,0.227272727272727
be responsible for,5,0.227272727272727
3 days,5,0.227272727272727
veteran status,5,0.227272727272727
gender identity,5,0.227272727272727
color religion,5,0.227272727272727
procedures and,5,0.227272727272727
experience with,5,0.227272727272727
minimum of,5,0.227272727272727
looking for,5,0.227272727272727
skills and,5,0.227272727272727
development and,5,0.227272727272727
the following,5,0.227272727272727
limited to,5,0.227272727272727
not limited,5,0.227272727272727
are not,5,0.227272727272727
an opportunity,5,0.227272727272727
be responsible,5,0.227272727272727
3m is,5,0.227272727272727
united states,5,0.227272727272727
products to,5,0.227272727272727
a team,5,0.227272727272727
range of,5,0.227272727272727
one of,5,0.227272727272727
at 3m,5,0.227272727272727
veteran,5,0.227272727272727
identity,5,0.227272727272727
security,5,0.227272727272727
start,5,0.227272727272727
looking,5,0.227272727272727
role,5,0.227272727272727
next,5,0.227272727272727
limited,5,0.227272727272727
complex,5,0.227272727272727
details,5,0.227272727272727
areas,5,0.227272727272727
across,5,0.227272727272727
also,5,0.227272727272727
efforts,5,0.227272727272727
locations,5,0.227272727272727
collaborate,5,0.227272727272727
daily,5,0.227272727272727
automotive,5,0.227272727272727
way,5,0.227272727272727
business,5,0.227272727272727
impact,5,0.227272727272727
lakeland fl,4,0.181818181818182
usa,4,0.181818181818182
treatt,4,0.181818181818182
engineering 3 years,4,0.181818181818182
north tazewell va,4,0.181818181818182
engineering 3,4,0.181818181818182
tazewell va,4,0.181818181818182
north tazewell,4,0.181818181818182
abilities,4,0.181818181818182
tazewell,4,0.181818181818182
augusta ga,4,0.181818181818182
augusta,4,0.181818181818182
austin tx,4,0.181818181818182
tx,4,0.181818181818182
austin,4,0.181818181818182
the manufacturing engineer will,4,0.181818181818182
purple squirrel advisors,4,0.181818181818182
industrial engineering,4,0.181818181818182
to identify,4,0.181818181818182
richmond in,4,0.181818181818182
squirrel advisors,4,0.181818181818182
purple squirrel,4,0.181818181818182
identify,4,0.181818181818182
richmond,4,0.181818181818182
advisors,4,0.181818181818182
squirrel,4,0.181818181818182
purple,4,0.181818181818182
washougal wa,4,0.181818181818182
shop,4,0.181818181818182
optimization,4,0.181818181818182
wa,4,0.181818181818182
washougal,4,0.181818181818182
palmer mfg tank,4,0.181818181818182
bismarck nd,4,0.181818181818182
mfg tank,4,0.181818181818182
palmer mfg,4,0.181818181818182
initiatives,4,0.181818181818182
nd,4,0.181818181818182
bismarck,4,0.181818181818182
mfg,4,0.181818181818182
palmer,4,0.181818181818182
design of,4,0.181818181818182
billerica ma,4,0.181818181818182
transfer,4,0.181818181818182
billerica,4,0.181818181818182
nova,4,0.181818181818182
the next generation of,4,0.181818181818182
at beya 2020,4,0.181818181818182
next generation of,4,0.181818181818182
the next generation,4,0.181818181818182
in melbourne,4,0.181818181818182
beya 2020,4,0.181818181818182
at beya,4,0.181818181818182
generation of,4,0.181818181818182
next generation,4,0.181818181818182
the next,4,0.181818181818182
at our,4,0.181818181818182
melbourne fl,4,0.181818181818182
used,4,0.181818181818182
sharing,4,0.181818181818182
baccus,4,0.181818181818182
rocket,4,0.181818181818182
beya,4,0.181818181818182
stem,4,0.181818181818182
in lithia springs ga,4,0.181818181818182
in lithia springs,4,0.181818181818182
in lithia,4,0.181818181818182
medline industries,4,0.181818181818182
medline,4,0.181818181818182
may be,4,0.181818181818182
greenville sc,4,0.181818181818182
sc,4,0.181818181818182
greenville,4,0.181818181818182
at lockheed martin,4,0.181818181818182
processes and procedures,4,0.181818181818182
tools and equipment,4,0.181818181818182
in many,4,0.181818181818182
basic qualifications,4,0.181818181818182
process control,4,0.181818181818182
stratford ct,4,0.181818181818182
critical,4,0.181818181818182
missions,4,0.181818181818182
layouts,4,0.181818181818182
ct,4,0.181818181818182
stratford,4,0.181818181818182
ability to work,4,0.181818181818182
in north,4,0.181818181818182
to reduce,4,0.181818181818182
power,4,0.181818181818182
levels,4,0.181818181818182
testing,4,0.181818181818182
develops,4,0.181818181818182
other employees or applicants,4,0.181818181818182
of other employees or,4,0.181818181818182
is a leading global,4,0.181818181818182
entry level manufacturing engineer,4,0.181818181818182
other employees or,4,0.181818181818182
of other employees,4,0.181818181818182
have access to,4,0.181818181818182
the pay of,4,0.181818181818182
a leading global,4,0.181818181818182
level manufacturing engineer,4,0.181818181818182
entry level manufacturing,4,0.181818181818182
the us,4,0.181818181818182
an investigation,4,0.181818181818182
other employees,4,0.181818181818182
of other,4,0.181818181818182
compensation information,4,0.181818181818182
have access,4,0.181818181818182
pay of,4,0.181818181818182
the pay,4,0.181818181818182
leading global,4,0.181818181818182
troy mi,4,0.181818181818182
level manufacturing,4,0.181818181818182
department,4,0.181818181818182
includes,4,0.181818181818182
supplier,4,0.181818181818182
top,4,0.181818181818182
troy,4,0.181818181818182
2021,4,0.181818181818182
and continuous improvement,4,0.181818181818182
and continuous,4,0.181818181818182
of products,4,0.181818181818182
in an,4,0.181818181818182
newnan ga,4,0.181818181818182
kason industries,4,0.181818181818182
11,4,0.181818181818182
accurate,4,0.181818181818182
specification,4,0.181818181818182
newnan,4,0.181818181818182
hutchinson antivibration systems,4,0.181818181818182
experience ·,4,0.181818181818182
quality and,4,0.181818181818182
cost reduction,4,0.181818181818182
systems inc,4,0.181818181818182
antivibration systems,4,0.181818181818182
hutchinson antivibration,4,0.181818181818182
take,4,0.181818181818182
equivalent,4,0.181818181818182
schedules,4,0.181818181818182
productivity,4,0.181818181818182
principles,4,0.181818181818182
analyzing,4,0.181818181818182
worldwide,4,0.181818181818182
antivibration,4,0.181818181818182
hutchinson,4,0.181818181818182
process process engineer jobs,4,0.181818181818182
application process process engineer,4,0.181818181818182
employers application process process,4,0.181818181818182
process process engineer,4,0.181818181818182
application process process,4,0.181818181818182
1 year preferred,4,0.181818181818182
the use of,4,0.181818181818182
for a manufacturing,4,0.181818181818182
is a plus,4,0.181818181818182
process process,4,0.181818181818182
year preferred,4,0.181818181818182
the use,4,0.181818181818182
excel word,4,0.181818181818182
a plus,4,0.181818181818182
knowledge of,4,0.181818181818182
operating procedures,4,0.181818181818182
processes in,4,0.181818181818182
midlothian va,4,0.181818181818182
excel,4,0.181818181818182
field,4,0.181818181818182
reports,4,0.181818181818182
area,4,0.181818181818182
conduct,4,0.181818181818182
necessary,4,0.181818181818182
document,4,0.181818181818182
midlothian,4,0.181818181818182
httpswwwindeedcomadvancedsearch manufacturing process engineer,4,0.181818181818182
search httpswwwindeedcomadvancedsearch manufacturing process,4,0.181818181818182
httpswwwindeedcomadvancedsearch manufacturing process,4,0.181818181818182
team and,4,0.181818181818182
livermore ca,4,0.181818181818182
clean,4,0.181818181818182
leadership,4,0.181818181818182
direction,4,0.181818181818182
meeting,4,0.181818181818182
conducted,4,0.181818181818182
successful,4,0.181818181818182
target,4,0.181818181818182
ca,4,0.181818181818182
livermore,4,0.181818181818182
245,4,0.181818181818182
friday experience manufacturing engineering,4,0.181818181818182
required education bachelors,4,0.181818181818182
years required,4,0.181818181818182
mechanical engineering,4,0.181818181818182
bs in,4,0.181818181818182
and improve,4,0.181818181818182
product and,4,0.181818181818182
an exciting,4,0.181818181818182
opalocka fl,4,0.181818181818182
similar,4,0.181818181818182
engineers,4,0.181818181818182
motivated,4,0.181818181818182
opalocka,4,0.181818181818182
5 days ago save,4,0.181818181818182
work location one location,4,0.181818181818182
preferred work location one,4,0.181818181818182
day shift monday to,4,0.181818181818182
insurance employee assistance program,4,0.181818181818182
dental insurance disability insurance,4,0.181818181818182
matching dental insurance disability,4,0.181818181818182
5 days ago,4,0.181818181818182
location one location,4,0.181818181818182
work location one,4,0.181818181818182
preferred work location,4,0.181818181818182
day shift monday,4,0.181818181818182
employee assistance program,4,0.181818181818182
insurance employee assistance,4,0.181818181818182
insurance disability insurance,4,0.181818181818182
dental insurance disability,4,0.181818181818182
technical support to,4,0.181818181818182
in winstonsalem nc,4,0.181818181818182
5 days,4,0.181818181818182
one location,4,0.181818181818182
location one,4,0.181818181818182
work location,4,0.181818181818182
work authorization,4,0.181818181818182
day shift,4,0.181818181818182
assistance program,4,0.181818181818182
employee assistance,4,0.181818181818182
insurance employee,4,0.181818181818182
disability insurance,4,0.181818181818182
insurance disability,4,0.181818181818182
to manufacturing,4,0.181818181818182
needed to,4,0.181818181818182
and quality,4,0.181818181818182
tooling and,4,0.181818181818182
and lead,4,0.181818181818182
work instructions,4,0.181818181818182
the development,4,0.181818181818182
is responsible,4,0.181818181818182
in winstonsalem,4,0.181818181818182
as well,4,0.181818181818182
the design,4,0.181818181818182
authorization,4,0.181818181818182
8,4,0.181818181818182
tasks,4,0.181818181818182
record,4,0.181818181818182
ms,4,0.181818181818182
biomedical,4,0.181818181818182
4,4,0.181818181818182
procurement,4,0.181818181818182
regulations,4,0.181818181818182
options,4,0.181818181818182
test,4,0.181818181818182
review,4,0.181818181818182
consistent,4,0.181818181818182
activities,4,0.181818181818182
departments,4,0.181818181818182
summary,4,0.181818181818182
well,4,0.181818181818182
will be responsible for,4,0.181818181818182
a wide range of,4,0.181818181818182
will be responsible,4,0.181818181818182
engineer will be,4,0.181818181818182
wide range of,4,0.181818181818182
a wide range,4,0.181818181818182
compliance with,4,0.181818181818182
and work,4,0.181818181818182
religion sex,4,0.181818181818182
is an,4,0.181818181818182
of this,4,0.181818181818182
solutions to,4,0.181818181818182
that are,4,0.181818181818182
for employment,4,0.181818181818182
analytical skills,4,0.181818181818182
manufacturing environment,4,0.181818181818182
2 years,4,0.181818181818182
bachelors degree,4,0.181818181818182
include but,4,0.181818181818182
responsibilities include,4,0.181818181818182
product development,4,0.181818181818182
new product,4,0.181818181818182
variety of,4,0.181818181818182
learn and,4,0.181818181818182
team of,4,0.181818181818182
medical device,4,0.181818181818182
wide range,4,0.181818181818182
a wide,4,0.181818181818182
on your,4,0.181818181818182
with other,4,0.181818181818182
collaborate with,4,0.181818181818182
we are,4,0.181818181818182
work that,4,0.181818181818182
ames ia,4,0.181818181818182
compliance,4,0.181818181818182
please,4,0.181818181818182
sex,4,0.181818181818182
performing,4,0.181818181818182
supporting,4,0.181818181818182
10,4,0.181818181818182
interpersonal,4,0.181818181818182
completion,4,0.181818181818182
stakeholders,4,0.181818181818182
implementation,4,0.181818181818182
objectives,4,0.181818181818182
drive,4,0.181818181818182
military,4,0.181818181818182
government,4,0.181818181818182
o2,4,0.181818181818182
variety,4,0.181818181818182
makes,4,0.181818181818182
like,4,0.181818181818182
sales,4,0.181818181818182
feel,4,0.181818181818182
manager,4,0.181818181818182
device,4,0.181818181818182
wide,4,0.181818181818182
excellence,4,0.181818181818182
research,4,0.181818181818182
facilities,4,0.181818181818182
resources,4,0.181818181818182
ia,4,0.181818181818182
ames,4,0.181818181818182
in lakeland fl,3,0.136363636363636
in lakeland,3,0.136363636363636
the process,3,0.136363636363636
treatt usa,3,0.136363636363636
food,3,0.136363636363636
in north tazewell va,3,0.136363636363636
in north tazewell,3,0.136363636363636
to work with,3,0.136363636363636
the pbe group,3,0.136363636363636
the employee,3,0.136363636363636
pbe group,3,0.136363636363636
the pbe,3,0.136363636363636
pbe,3,0.136363636363636
in augusta ga,3,0.136363636363636
in augusta,3,0.136363636363636
103 reviews,3,0.136363636363636
drafting,3,0.136363636363636
golf,3,0.136363636363636
103,3,0.136363636363636
in austin tx,3,0.136363636363636
in austin,3,0.136363636363636
management and,3,0.136363636363636
level of,3,0.136363636363636
4473 reviews,3,0.136363636363636
hands,3,0.136363636363636
highest,3,0.136363636363636
4473,3,0.136363636363636
and documentation,3,0.136363636363636
the opportunity,3,0.136363636363636
in richmond in,3,0.136363636363636
in richmond,3,0.136363636363636
required ·,3,0.136363636363636
that all,3,0.136363636363636
to optimize,3,0.136363636363636
ongoing,3,0.136363636363636
focus,3,0.136363636363636
overall,3,0.136363636363636
optimize,3,0.136363636363636
in washougal wa,3,0.136363636363636
in washougal,3,0.136363636363636
years preferred,3,0.136363636363636
in developing,3,0.136363636363636
to enable,3,0.136363636363636
and tooling,3,0.136363636363636
managers,3,0.136363636363636
etc,3,0.136363636363636
enable,3,0.136363636363636
bachelor’s degree in engineering,3,0.136363636363636
in bismarck nd,3,0.136363636363636
in bismarck,3,0.136363636363636
assist in,3,0.136363636363636
position summary,3,0.136363636363636
2 reviews,3,0.136363636363636
generate,3,0.136363636363636
bachelor’s degree in mechanical,3,0.136363636363636
in billerica ma,3,0.136363636363636
in billerica,3,0.136363636363636
experience is,3,0.136363636363636
nova biomedical,3,0.136363636363636
13,3,0.136363636363636
in melbourne fl,3,0.136363636363636
working in a,3,0.136363636363636
product build,3,0.136363636363636
engineering team,3,0.136363636363636
defining possible,3,0.136363636363636
our manufacturing,3,0.136363636363636
5714 reviews,3,0.136363636363636
expectations,3,0.136363636363636
floor,3,0.136363636363636
controls,3,0.136363636363636
5714,3,0.136363636363636
identifies,3,0.136363636363636
via,3,0.136363636363636
in greenville sc,3,0.136363636363636
production processes and,3,0.136363636363636
in greenville,3,0.136363636363636
and interpersonal,3,0.136363636363636
of materials,3,0.136363636363636
bill of,3,0.136363636363636
drawings and,3,0.136363636363636
engineering experience,3,0.136363636363636
collaborating with,3,0.136363636363636
to determine,3,0.136363636363636
decisions,3,0.136363636363636
bill,3,0.136363636363636
desired,3,0.136363636363636
creating,3,0.136363636363636
located,3,0.136363636363636
collaborating,3,0.136363636363636
in stratford ct,3,0.136363636363636
without regard to,3,0.136363636363636
in compliance with,3,0.136363636363636
statistical process control,3,0.136363636363636
procedures for the,3,0.136363636363636
of operations and,3,0.136363636363636
in stratford,3,0.136363636363636
throughout the,3,0.136363636363636
to bring,3,0.136363636363636
are the,3,0.136363636363636
our customers,3,0.136363636363636
status or,3,0.136363636363636
regard to,3,0.136363636363636
without regard,3,0.136363636363636
in compliance,3,0.136363636363636
to engineering,3,0.136363636363636
statistical process,3,0.136363636363636
problems and,3,0.136363636363636
design to,3,0.136363636363636
of operations,3,0.136363636363636
efficient and,3,0.136363636363636
mars,3,0.136363636363636
routine,3,0.136363636363636
internationally,3,0.136363636363636
throughout,3,0.136363636363636
toughest,3,0.136363636363636
proven,3,0.136363636363636
innovation,3,0.136363636363636
sometimes,3,0.136363636363636
demand,3,0.136363636363636
mission,3,0.136363636363636
regard,3,0.136363636363636
ensures,3,0.136363636363636
regarding,3,0.136363636363636
applicable,3,0.136363636363636
corrective,3,0.136363636363636
machine,3,0.136363636363636
in zephyrhills fl,3,0.136363636363636
manufacturer of,3,0.136363636363636
in zephyrhills,3,0.136363636363636
the organization,3,0.136363636363636
levels of,3,0.136363636363636
all levels,3,0.136363636363636
verbal and,3,0.136363636363636
environment with,3,0.136363636363636
years’ experience,3,0.136363636363636
with manufacturing,3,0.136363636363636
63 reviews,3,0.136363636363636
erp,3,0.136363636363636
studies,3,0.136363636363636
problemsolving,3,0.136363636363636
years’,3,0.136363636363636
detailed,3,0.136363636363636
associates,3,0.136363636363636
63,3,0.136363636363636
disability sexual orientation gender,3,0.136363636363636
mental disability sexual orientation,3,0.136363636363636
or mental disability sexual,3,0.136363636363636
physical or mental disability,3,0.136363636363636
in troy mi,3,0.136363636363636
or any other,3,0.136363636363636
disability sexual orientation,3,0.136363636363636
mental disability sexual,3,0.136363636363636
or mental disability,3,0.136363636363636
physical or mental,3,0.136363636363636
age national origin,3,0.136363636363636
in troy,3,0.136363636363636
participates in,3,0.136363636363636
who have,3,0.136363636363636
or any,3,0.136363636363636
disability sexual,3,0.136363636363636
mental disability,3,0.136363636363636
or mental,3,0.136363636363636
physical or,3,0.136363636363636
age national,3,0.136363636363636
opportunity in,3,0.136363636363636
committed to,3,0.136363636363636
equipment design,3,0.136363636363636
systems and,3,0.136363636363636
186 reviews,3,0.136363636363636
everify,3,0.136363636363636
participates,3,0.136363636363636
pm,3,0.136363636363636
citizenship,3,0.136363636363636
selected,3,0.136363636363636
formal,3,0.136363636363636
otherwise,3,0.136363636363636
manner,3,0.136363636363636
discharge,3,0.136363636363636
law,3,0.136363636363636
mental,3,0.136363636363636
committed,3,0.136363636363636
labor,3,0.136363636363636
optimal,3,0.136363636363636
reliability,3,0.136363636363636
external,3,0.136363636363636
clear,3,0.136363636363636
186,3,0.136363636363636
insurance schedule monday to,3,0.136363636363636
in newnan ga,3,0.136363636363636
education bachelors preferred,3,0.136363636363636
insurance schedule monday,3,0.136363636363636
insurance health insurance,3,0.136363636363636
for the fabrication,3,0.136363636363636
kason industries inc,3,0.136363636363636
industries in,3,0.136363636363636
in newnan,3,0.136363636363636
bachelors preferred,3,0.136363636363636
insurance health,3,0.136363636363636
design reviews,3,0.136363636363636
the fabrication,3,0.136363636363636
plans and,3,0.136363636363636
industries inc,3,0.136363636363636
determines,3,0.136363636363636
inc let employers find,3,0.136363636363636
hutchinson antivibration systems inc,3,0.136363636363636
inc let employers,3,0.136363636363636
in cadillac mi,3,0.136363636363636
the manufacturing process,3,0.136363636363636
antivibration systems inc,3,0.136363636363636
inc let,3,0.136363636363636
in cadillac,3,0.136363636363636
for this,3,0.136363636363636
microsoft office,3,0.136363636363636
5 years,3,0.136363636363636
people and,3,0.136363636363636
standard work,3,0.136363636363636
of projects,3,0.136363636363636
to provide,3,0.136363636363636
of work,3,0.136363636363636
new methods,3,0.136363636363636
· develop,3,0.136363636363636
responsibilities ·,3,0.136363636363636
company is,3,0.136363636363636
flexible,3,0.136363636363636
concerned,3,0.136363636363636
train,3,0.136363636363636
sustainable,3,0.136363636363636
effectively,3,0.136363636363636
schedule day shift monday,3,0.136363636363636
but not limited to,3,0.136363636363636
in midlothian va,3,0.136363636363636
schedule day shift,3,0.136363636363636
but not limited,3,0.136363636363636
problem solving skills,3,0.136363636363636
excel word powerpoint,3,0.136363636363636
continuous improvement of,3,0.136363636363636
standard operating procedures,3,0.136363636363636
in accordance with,3,0.136363636363636
in midlothian,3,0.136363636363636
schedule day,3,0.136363636363636
but not,3,0.136363636363636
solving skills,3,0.136363636363636
word powerpoint,3,0.136363636363636
processes procedures,3,0.136363636363636
process and,3,0.136363636363636
production process,3,0.136363636363636
improvement of,3,0.136363636363636
planning and,3,0.136363636363636
standard operating,3,0.136363636363636
responsible to,3,0.136363636363636
of production,3,0.136363636363636
and document,3,0.136363636363636
instructions and,3,0.136363636363636
quality management,3,0.136363636363636
assist with,3,0.136363636363636
accordance with,3,0.136363636363636
in accordance,3,0.136363636363636
products in,3,0.136363636363636
hearing,3,0.136363636363636
operation,3,0.136363636363636
function,3,0.136363636363636
manual,3,0.136363636363636
powerpoint,3,0.136363636363636
inspection,3,0.136363636363636
prepare,3,0.136363636363636
operate,3,0.136363636363636
managing,3,0.136363636363636
accordance,3,0.136363636363636
aerospace,3,0.136363636363636
hohokus,3,0.136363636363636
work with a,3,0.136363636363636
in livermore ca,3,0.136363636363636
as required,3,0.136363636363636
and makes,3,0.136363636363636
working to,3,0.136363636363636
product quality,3,0.136363636363636
requirements into,3,0.136363636363636
team members,3,0.136363636363636
and may,3,0.136363636363636
to produce,3,0.136363636363636
required for,3,0.136363636363636
participating in,3,0.136363636363636
member of,3,0.136363636363636
in livermore,3,0.136363636363636
within the,3,0.136363636363636
have an,3,0.136363636363636
all qualified,3,0.136363636363636
from the,3,0.136363636363636
245 reviews,3,0.136363636363636
present,3,0.136363636363636
scientific,3,0.136363636363636
efficiencies,3,0.136363636363636
members,3,0.136363636363636
constraints,3,0.136363636363636
task,3,0.136363636363636
repair,3,0.136363636363636
requires,3,0.136363636363636
handson,3,0.136363636363636
targets,3,0.136363636363636
assemblies,3,0.136363636363636
characterization,3,0.136363636363636
participating,3,0.136363636363636
member,3,0.136363636363636
currently,3,0.136363636363636
laser,3,0.136363636363636
cycle,3,0.136363636363636
fuel,3,0.136363636363636
years required education bachelors,3,0.136363636363636
paid time off schedule,3,0.136363636363636
health insurance paid time,3,0.136363636363636
in opalocka fl,3,0.136363636363636
years required education,3,0.136363636363636
time off schedule,3,0.136363636363636
health insurance paid,3,0.136363636363636
in opalocka,3,0.136363636363636
off schedule,3,0.136363636363636
the standard,3,0.136363636363636
or similar,3,0.136363636363636
design for,3,0.136363636363636
skills strong,3,0.136363636363636
by the,3,0.136363636363636
opportunities to,3,0.136363636363636
to find,3,0.136363636363636
that is,3,0.136363636363636
team is,3,0.136363636363636
team in,3,0.136363636363636
join our,3,0.136363636363636
engineer to,3,0.136363636363636
a high,3,0.136363636363636
since,3,0.136363636363636
salary,3,0.136363636363636
reliable,3,0.136363636363636
great,3,0.136363636363636
modeling,3,0.136363636363636
parts,3,0.136363636363636
performs,3,0.136363636363636
factory,3,0.136363636363636
vendors,3,0.136363636363636
workflows,3,0.136363636363636
creativity,3,0.136363636363636
eligible work remotely no,3,0.136363636363636
employees eligible work remotely,3,0.136363636363636
fulltime employees eligible work,3,0.136363636363636
only fulltime employees eligible,3,0.136363636363636
apply only fulltime employees,3,0.136363636363636
may apply only fulltime,3,0.136363636363636
period may apply only,3,0.136363636363636
one location companys website,3,0.136363636363636
location one location companys,3,0.136363636363636
work authorization united states,3,0.136363636363636
preferred work authorization united,3,0.136363636363636
disability insurance employee assistance,3,0.136363636363636
insurance disability insurance employee,3,0.136363636363636
eligible work remotely,3,0.136363636363636
employees eligible work,3,0.136363636363636
fulltime employees eligible,3,0.136363636363636
only fulltime employees,3,0.136363636363636
apply only fulltime,3,0.136363636363636
may apply only,3,0.136363636363636
location companys website,3,0.136363636363636
one location companys,3,0.136363636363636
authorization united states,3,0.136363636363636
work authorization united,3,0.136363636363636
preferred work authorization,3,0.136363636363636
disability insurance employee,3,0.136363636363636
to ensure product,3,0.136363636363636
as needed to,3,0.136363636363636
design and develop,3,0.136363636363636
develop and implement,3,0.136363636363636
to develop and,3,0.136363636363636
is responsible for,3,0.136363636363636
as well as,3,0.136363636363636
eligible work,3,0.136363636363636
employees eligible,3,0.136363636363636
fulltime employees,3,0.136363636363636
only fulltime,3,0.136363636363636
apply only,3,0.136363636363636
location companys,3,0.136363636363636
authorization united,3,0.136363636363636
and communication,3,0.136363636363636
strong analytical,3,0.136363636363636
ms office,3,0.136363636363636
to all,3,0.136363636363636
job functions,3,0.136363636363636
specifications and,3,0.136363636363636
product specifications,3,0.136363636363636
policies and,3,0.136363636363636
ensure product,3,0.136363636363636
ensure that,3,0.136363636363636
staff to,3,0.136363636363636
consistent with,3,0.136363636363636
products product,3,0.136363636363636
with all,3,0.136363636363636
developing and,3,0.136363636363636
based in,3,0.136363636363636
well as,3,0.136363636363636
packagingmanufacturing engineer,3,0.136363636363636
eligible,3,0.136363636363636
hour,3,0.136363636363636
retirement,3,0.136363636363636
organizational,3,0.136363636363636
35,3,0.136363636363636
promote,3,0.136363636363636
writing,3,0.136363636363636
analyze,3,0.136363636363636
recommendations,3,0.136363636363636
applications,3,0.136363636363636
manufacture,3,0.136363636363636
packagingmanufacturing,3,0.136363636363636
identity national origin age,3,0.136363636363636
gender identity national origin,3,0.136363636363636
orientation gender identity national,3,0.136363636363636
race color religion sex,3,0.136363636363636
of race color religion,3,0.136363636363636
be part of a,3,0.136363636363636
job copy link job,3,0.136363636363636
national origin age,3,0.136363636363636
identity national origin,3,0.136363636363636
gender identity national,3,0.136363636363636
color religion sex,3,0.136363636363636
of race color,3,0.136363636363636
is an equal,3,0.136363636363636
and analytical skills,3,0.136363636363636
a manufacturing environment,3,0.136363636363636
qualifications bachelors degree,3,0.136363636363636
responsibilities include but,3,0.136363636363636
learn more about,3,0.136363636363636
learn and grow,3,0.136363636363636
work with the,3,0.136363636363636
you will be,3,0.136363636363636
part of a,3,0.136363636363636
be part of,3,0.136363636363636
copy link job,3,0.136363636363636
into the,3,0.136363636363636
do not,3,0.136363636363636
be considered,3,0.136363636363636
origin age,3,0.136363636363636
identity national,3,0.136363636363636
of race,3,0.136363636363636
discriminate against,3,0.136363636363636
will not,3,0.136363636363636
equal opportunity,3,0.136363636363636
an equal,3,0.136363636363636
employment without,3,0.136363636363636
work in,3,0.136363636363636
must be,3,0.136363636363636
up to,3,0.136363636363636
interpersonal skills,3,0.136363636363636
written and,3,0.136363636363636
and analytical,3,0.136363636363636
or manufacturing,3,0.136363636363636
manufacturing experience,3,0.136363636363636
an accredited,3,0.136363636363636
qualifications bachelors,3,0.136363636363636
investigation and,3,0.136363636363636
analysis and,3,0.136363636363636
projects and,3,0.136363636363636
with key,3,0.136363636363636
support for,3,0.136363636363636
improvement projects,3,0.136363636363636
and cost,3,0.136363636363636
implementation of,3,0.136363636363636
efficiency and,3,0.136363636363636
six sigma,3,0.136363636363636
manufacturing operations,3,0.136363636363636
but are,3,0.136363636363636
primary responsibilities,3,0.136363636363636
and new,3,0.136363636363636
knowledge and,3,0.136363636363636
the person,3,0.136363636363636
more about,3,0.136363636363636
learn more,3,0.136363636363636
o2 program,3,0.136363636363636
3m intern,3,0.136363636363636
and grow,3,0.136363636363636
it is,3,0.136363636363636
help you,3,0.136363636363636
pay and,3,0.136363636363636
we offer,3,0.136363636363636
contribute to,3,0.136363636363636
and provide,3,0.136363636363636
technologies and,3,0.136363636363636
the best,3,0.136363636363636
more than,3,0.136363636363636
be part,3,0.136363636363636
make a,3,0.136363636363636
link job,3,0.136363636363636
4121 reviews,3,0.136363636363636
considered,3,0.136363636363636
basis,3,0.136363636363636
applicant,3,0.136363636363636
discriminate,3,0.136363636363636
page,3,0.136363636363636
offers,3,0.136363636363636
relocation,3,0.136363636363636
travel,3,0.136363636363636
chemical,3,0.136363636363636
even,3,0.136363636363636
additional,3,0.136363636363636
accredited,3,0.136363636363636
discipline,3,0.136363636363636
set,3,0.136363636363636
root,3,0.136363636363636
communicate,3,0.136363636363636
timelines,3,0.136363636363636
waste,3,0.136363636363636
sigma,3,0.136363636363636
six,3,0.136363636363636
environments,3,0.136363636363636
solve,3,0.136363636363636
person,3,0.136363636363636
headquarters,3,0.136363636363636
participant,3,0.136363636363636
division,3,0.136363636363636
intern,3,0.136363636363636
explore,3,0.136363636363636
different,3,0.136363636363636
plants,3,0.136363636363636
first,3,0.136363636363636
care,3,0.136363636363636
professionals,3,0.136363636363636
14,3,0.136363636363636
devices,3,0.136363636363636
higher,3,0.136363636363636
allow,3,0.136363636363636
competitive,3,0.136363636363636
success,3,0.136363636363636
contribute,3,0.136363636363636
growing,3,0.136363636363636
creative,3,0.136363636363636
healthcare,3,0.136363636363636
fast,3,0.136363636363636
move,3,0.136363636363636
integrity,3,0.136363636363636
every,3,0.136363636363636
challenges,3,0.136363636363636
social,3,0.136363636363636
core,3,0.136363636363636
lives,3,0.136363636363636
science,3,0.136363636363636
4121,3,0.136363636363636
